imgs,msks
img_row_0_col_0.jpg,mask_row_0_col_0.jpg
img_row_0_col_64.jpg,mask_row_0_col_64.jpg
img_row_0_col_128.jpg,mask_row_0_col_128.jpg
img_row_0_col_192.jpg,mask_row_0_col_192.jpg
img_row_0_col_256.jpg,mask_row_0_col_256.jpg
img_row_0_col_320.jpg,mask_row_0_col_320.jpg
img_row_0_col_384.jpg,mask_row_0_col_384.jpg
img_row_0_col_448.jpg,mask_row_0_col_448.jpg
img_row_0_col_512.jpg,mask_row_0_col_512.jpg
img_row_0_col_576.jpg,mask_row_0_col_576.jpg
img_row_0_col_640.jpg,mask_row_0_col_640.jpg
img_row_0_col_704.jpg,mask_row_0_col_704.jpg
img_row_0_col_768.jpg,mask_row_0_col_768.jpg
img_row_0_col_832.jpg,mask_row_0_col_832.jpg
img_row_0_col_896.jpg,mask_row_0_col_896.jpg
img_row_0_col_960.jpg,mask_row_0_col_960.jpg
img_row_0_col_1024.jpg,mask_row_0_col_1024.jpg
img_row_0_col_1088.jpg,mask_row_0_col_1088.jpg
img_row_0_col_1152.jpg,mask_row_0_col_1152.jpg
img_row_0_col_1216.jpg,mask_row_0_col_1216.jpg
img_row_0_col_1280.jpg,mask_row_0_col_1280.jpg
img_row_0_col_1344.jpg,mask_row_0_col_1344.jpg
img_row_0_col_1408.jpg,mask_row_0_col_1408.jpg
img_row_0_col_1472.jpg,mask_row_0_col_1472.jpg
img_row_0_col_1536.jpg,mask_row_0_col_1536.jpg
img_row_0_col_1600.jpg,mask_row_0_col_1600.jpg
img_row_0_col_1664.jpg,mask_row_0_col_1664.jpg
img_row_0_col_1728.jpg,mask_row_0_col_1728.jpg
img_row_0_col_1792.jpg,mask_row_0_col_1792.jpg
img_row_0_col_1856.jpg,mask_row_0_col_1856.jpg
img_row_0_col_1920.jpg,mask_row_0_col_1920.jpg
img_row_0_col_1984.jpg,mask_row_0_col_1984.jpg
img_row_0_col_2048.jpg,mask_row_0_col_2048.jpg
img_row_64_col_0.jpg,mask_row_64_col_0.jpg
img_row_64_col_64.jpg,mask_row_64_col_64.jpg
img_row_64_col_128.jpg,mask_row_64_col_128.jpg
img_row_64_col_192.jpg,mask_row_64_col_192.jpg
img_row_64_col_256.jpg,mask_row_64_col_256.jpg
img_row_64_col_320.jpg,mask_row_64_col_320.jpg
img_row_64_col_384.jpg,mask_row_64_col_384.jpg
img_row_64_col_448.jpg,mask_row_64_col_448.jpg
img_row_64_col_512.jpg,mask_row_64_col_512.jpg
img_row_64_col_576.jpg,mask_row_64_col_576.jpg
img_row_64_col_640.jpg,mask_row_64_col_640.jpg
img_row_64_col_704.jpg,mask_row_64_col_704.jpg
img_row_64_col_768.jpg,mask_row_64_col_768.jpg
img_row_64_col_832.jpg,mask_row_64_col_832.jpg
img_row_64_col_896.jpg,mask_row_64_col_896.jpg
img_row_64_col_960.jpg,mask_row_64_col_960.jpg
img_row_64_col_1024.jpg,mask_row_64_col_1024.jpg
img_row_64_col_1088.jpg,mask_row_64_col_1088.jpg
img_row_64_col_1152.jpg,mask_row_64_col_1152.jpg
img_row_64_col_1216.jpg,mask_row_64_col_1216.jpg
img_row_64_col_1280.jpg,mask_row_64_col_1280.jpg
img_row_64_col_1344.jpg,mask_row_64_col_1344.jpg
img_row_64_col_1408.jpg,mask_row_64_col_1408.jpg
img_row_64_col_1472.jpg,mask_row_64_col_1472.jpg
img_row_64_col_1536.jpg,mask_row_64_col_1536.jpg
img_row_64_col_1600.jpg,mask_row_64_col_1600.jpg
img_row_64_col_1664.jpg,mask_row_64_col_1664.jpg
img_row_64_col_1728.jpg,mask_row_64_col_1728.jpg
img_row_64_col_1792.jpg,mask_row_64_col_1792.jpg
img_row_64_col_1856.jpg,mask_row_64_col_1856.jpg
img_row_64_col_1920.jpg,mask_row_64_col_1920.jpg
img_row_64_col_1984.jpg,mask_row_64_col_1984.jpg
img_row_64_col_2048.jpg,mask_row_64_col_2048.jpg
img_row_128_col_0.jpg,mask_row_128_col_0.jpg
img_row_128_col_64.jpg,mask_row_128_col_64.jpg
img_row_128_col_128.jpg,mask_row_128_col_128.jpg
img_row_128_col_192.jpg,mask_row_128_col_192.jpg
img_row_128_col_256.jpg,mask_row_128_col_256.jpg
img_row_128_col_320.jpg,mask_row_128_col_320.jpg
img_row_128_col_384.jpg,mask_row_128_col_384.jpg
img_row_128_col_448.jpg,mask_row_128_col_448.jpg
img_row_128_col_512.jpg,mask_row_128_col_512.jpg
img_row_128_col_576.jpg,mask_row_128_col_576.jpg
img_row_128_col_640.jpg,mask_row_128_col_640.jpg
img_row_128_col_704.jpg,mask_row_128_col_704.jpg
img_row_128_col_768.jpg,mask_row_128_col_768.jpg
img_row_128_col_832.jpg,mask_row_128_col_832.jpg
img_row_128_col_896.jpg,mask_row_128_col_896.jpg
img_row_128_col_960.jpg,mask_row_128_col_960.jpg
img_row_128_col_1024.jpg,mask_row_128_col_1024.jpg
img_row_128_col_1088.jpg,mask_row_128_col_1088.jpg
img_row_128_col_1152.jpg,mask_row_128_col_1152.jpg
img_row_128_col_1216.jpg,mask_row_128_col_1216.jpg
img_row_128_col_1280.jpg,mask_row_128_col_1280.jpg
img_row_128_col_1344.jpg,mask_row_128_col_1344.jpg
img_row_128_col_1408.jpg,mask_row_128_col_1408.jpg
img_row_128_col_1472.jpg,mask_row_128_col_1472.jpg
img_row_128_col_1536.jpg,mask_row_128_col_1536.jpg
img_row_128_col_1600.jpg,mask_row_128_col_1600.jpg
img_row_128_col_1664.jpg,mask_row_128_col_1664.jpg
img_row_128_col_1728.jpg,mask_row_128_col_1728.jpg
img_row_128_col_1792.jpg,mask_row_128_col_1792.jpg
img_row_128_col_1856.jpg,mask_row_128_col_1856.jpg
img_row_128_col_1920.jpg,mask_row_128_col_1920.jpg
img_row_128_col_1984.jpg,mask_row_128_col_1984.jpg
img_row_128_col_2048.jpg,mask_row_128_col_2048.jpg
img_row_192_col_0.jpg,mask_row_192_col_0.jpg
img_row_192_col_64.jpg,mask_row_192_col_64.jpg
img_row_192_col_128.jpg,mask_row_192_col_128.jpg
img_row_192_col_192.jpg,mask_row_192_col_192.jpg
img_row_192_col_256.jpg,mask_row_192_col_256.jpg
img_row_192_col_320.jpg,mask_row_192_col_320.jpg
img_row_192_col_384.jpg,mask_row_192_col_384.jpg
img_row_192_col_448.jpg,mask_row_192_col_448.jpg
img_row_192_col_512.jpg,mask_row_192_col_512.jpg
img_row_192_col_576.jpg,mask_row_192_col_576.jpg
img_row_192_col_640.jpg,mask_row_192_col_640.jpg
img_row_192_col_704.jpg,mask_row_192_col_704.jpg
img_row_192_col_768.jpg,mask_row_192_col_768.jpg
img_row_192_col_832.jpg,mask_row_192_col_832.jpg
img_row_192_col_896.jpg,mask_row_192_col_896.jpg
img_row_192_col_960.jpg,mask_row_192_col_960.jpg
img_row_192_col_1024.jpg,mask_row_192_col_1024.jpg
img_row_192_col_1088.jpg,mask_row_192_col_1088.jpg
img_row_192_col_1152.jpg,mask_row_192_col_1152.jpg
img_row_192_col_1216.jpg,mask_row_192_col_1216.jpg
img_row_192_col_1280.jpg,mask_row_192_col_1280.jpg
img_row_192_col_1344.jpg,mask_row_192_col_1344.jpg
img_row_192_col_1408.jpg,mask_row_192_col_1408.jpg
img_row_192_col_1472.jpg,mask_row_192_col_1472.jpg
img_row_192_col_1536.jpg,mask_row_192_col_1536.jpg
img_row_192_col_1600.jpg,mask_row_192_col_1600.jpg
img_row_192_col_1664.jpg,mask_row_192_col_1664.jpg
img_row_192_col_1728.jpg,mask_row_192_col_1728.jpg
img_row_192_col_1792.jpg,mask_row_192_col_1792.jpg
img_row_192_col_1856.jpg,mask_row_192_col_1856.jpg
img_row_192_col_1920.jpg,mask_row_192_col_1920.jpg
img_row_192_col_1984.jpg,mask_row_192_col_1984.jpg
img_row_192_col_2048.jpg,mask_row_192_col_2048.jpg
img_row_256_col_0.jpg,mask_row_256_col_0.jpg
img_row_256_col_64.jpg,mask_row_256_col_64.jpg
img_row_256_col_128.jpg,mask_row_256_col_128.jpg
img_row_256_col_192.jpg,mask_row_256_col_192.jpg
img_row_256_col_256.jpg,mask_row_256_col_256.jpg
img_row_256_col_320.jpg,mask_row_256_col_320.jpg
img_row_256_col_384.jpg,mask_row_256_col_384.jpg
img_row_256_col_448.jpg,mask_row_256_col_448.jpg
img_row_256_col_512.jpg,mask_row_256_col_512.jpg
img_row_256_col_576.jpg,mask_row_256_col_576.jpg
img_row_256_col_640.jpg,mask_row_256_col_640.jpg
img_row_256_col_704.jpg,mask_row_256_col_704.jpg
img_row_256_col_768.jpg,mask_row_256_col_768.jpg
img_row_256_col_832.jpg,mask_row_256_col_832.jpg
img_row_256_col_896.jpg,mask_row_256_col_896.jpg
img_row_256_col_960.jpg,mask_row_256_col_960.jpg
img_row_256_col_1024.jpg,mask_row_256_col_1024.jpg
img_row_256_col_1088.jpg,mask_row_256_col_1088.jpg
img_row_256_col_1152.jpg,mask_row_256_col_1152.jpg
img_row_256_col_1216.jpg,mask_row_256_col_1216.jpg
img_row_256_col_1280.jpg,mask_row_256_col_1280.jpg
img_row_256_col_1344.jpg,mask_row_256_col_1344.jpg
img_row_256_col_1408.jpg,mask_row_256_col_1408.jpg
img_row_256_col_1472.jpg,mask_row_256_col_1472.jpg
img_row_256_col_1536.jpg,mask_row_256_col_1536.jpg
img_row_256_col_1600.jpg,mask_row_256_col_1600.jpg
img_row_256_col_1664.jpg,mask_row_256_col_1664.jpg
img_row_256_col_1728.jpg,mask_row_256_col_1728.jpg
img_row_256_col_1792.jpg,mask_row_256_col_1792.jpg
img_row_256_col_1856.jpg,mask_row_256_col_1856.jpg
img_row_256_col_1920.jpg,mask_row_256_col_1920.jpg
img_row_256_col_1984.jpg,mask_row_256_col_1984.jpg
img_row_256_col_2048.jpg,mask_row_256_col_2048.jpg
img_row_320_col_0.jpg,mask_row_320_col_0.jpg
img_row_320_col_64.jpg,mask_row_320_col_64.jpg
img_row_320_col_128.jpg,mask_row_320_col_128.jpg
img_row_320_col_192.jpg,mask_row_320_col_192.jpg
img_row_320_col_256.jpg,mask_row_320_col_256.jpg
img_row_320_col_320.jpg,mask_row_320_col_320.jpg
img_row_320_col_384.jpg,mask_row_320_col_384.jpg
img_row_320_col_448.jpg,mask_row_320_col_448.jpg
img_row_320_col_512.jpg,mask_row_320_col_512.jpg
img_row_320_col_576.jpg,mask_row_320_col_576.jpg
img_row_320_col_640.jpg,mask_row_320_col_640.jpg
img_row_320_col_704.jpg,mask_row_320_col_704.jpg
img_row_320_col_768.jpg,mask_row_320_col_768.jpg
img_row_320_col_832.jpg,mask_row_320_col_832.jpg
img_row_320_col_896.jpg,mask_row_320_col_896.jpg
img_row_320_col_960.jpg,mask_row_320_col_960.jpg
img_row_320_col_1024.jpg,mask_row_320_col_1024.jpg
img_row_320_col_1088.jpg,mask_row_320_col_1088.jpg
img_row_320_col_1152.jpg,mask_row_320_col_1152.jpg
img_row_320_col_1216.jpg,mask_row_320_col_1216.jpg
img_row_320_col_1280.jpg,mask_row_320_col_1280.jpg
img_row_320_col_1344.jpg,mask_row_320_col_1344.jpg
img_row_320_col_1408.jpg,mask_row_320_col_1408.jpg
img_row_320_col_1472.jpg,mask_row_320_col_1472.jpg
img_row_320_col_1536.jpg,mask_row_320_col_1536.jpg
img_row_320_col_1600.jpg,mask_row_320_col_1600.jpg
img_row_320_col_1664.jpg,mask_row_320_col_1664.jpg
img_row_320_col_1728.jpg,mask_row_320_col_1728.jpg
img_row_320_col_1792.jpg,mask_row_320_col_1792.jpg
img_row_320_col_1856.jpg,mask_row_320_col_1856.jpg
img_row_320_col_1920.jpg,mask_row_320_col_1920.jpg
img_row_320_col_1984.jpg,mask_row_320_col_1984.jpg
img_row_320_col_2048.jpg,mask_row_320_col_2048.jpg
img_row_384_col_0.jpg,mask_row_384_col_0.jpg
img_row_384_col_64.jpg,mask_row_384_col_64.jpg
img_row_384_col_128.jpg,mask_row_384_col_128.jpg
img_row_384_col_192.jpg,mask_row_384_col_192.jpg
img_row_384_col_256.jpg,mask_row_384_col_256.jpg
img_row_384_col_320.jpg,mask_row_384_col_320.jpg
img_row_384_col_384.jpg,mask_row_384_col_384.jpg
img_row_384_col_448.jpg,mask_row_384_col_448.jpg
img_row_384_col_512.jpg,mask_row_384_col_512.jpg
img_row_384_col_576.jpg,mask_row_384_col_576.jpg
img_row_384_col_640.jpg,mask_row_384_col_640.jpg
img_row_384_col_704.jpg,mask_row_384_col_704.jpg
img_row_384_col_768.jpg,mask_row_384_col_768.jpg
img_row_384_col_832.jpg,mask_row_384_col_832.jpg
img_row_384_col_896.jpg,mask_row_384_col_896.jpg
img_row_384_col_960.jpg,mask_row_384_col_960.jpg
img_row_384_col_1024.jpg,mask_row_384_col_1024.jpg
img_row_384_col_1088.jpg,mask_row_384_col_1088.jpg
img_row_384_col_1152.jpg,mask_row_384_col_1152.jpg
img_row_384_col_1216.jpg,mask_row_384_col_1216.jpg
img_row_384_col_1280.jpg,mask_row_384_col_1280.jpg
img_row_384_col_1344.jpg,mask_row_384_col_1344.jpg
img_row_384_col_1408.jpg,mask_row_384_col_1408.jpg
img_row_384_col_1472.jpg,mask_row_384_col_1472.jpg
img_row_384_col_1536.jpg,mask_row_384_col_1536.jpg
img_row_384_col_1600.jpg,mask_row_384_col_1600.jpg
img_row_384_col_1664.jpg,mask_row_384_col_1664.jpg
img_row_384_col_1728.jpg,mask_row_384_col_1728.jpg
img_row_384_col_1792.jpg,mask_row_384_col_1792.jpg
img_row_384_col_1856.jpg,mask_row_384_col_1856.jpg
img_row_384_col_1920.jpg,mask_row_384_col_1920.jpg
img_row_384_col_1984.jpg,mask_row_384_col_1984.jpg
img_row_384_col_2048.jpg,mask_row_384_col_2048.jpg
img_row_448_col_0.jpg,mask_row_448_col_0.jpg
img_row_448_col_64.jpg,mask_row_448_col_64.jpg
img_row_448_col_128.jpg,mask_row_448_col_128.jpg
img_row_448_col_192.jpg,mask_row_448_col_192.jpg
img_row_448_col_256.jpg,mask_row_448_col_256.jpg
img_row_448_col_320.jpg,mask_row_448_col_320.jpg
img_row_448_col_384.jpg,mask_row_448_col_384.jpg
img_row_448_col_448.jpg,mask_row_448_col_448.jpg
img_row_448_col_512.jpg,mask_row_448_col_512.jpg
img_row_448_col_576.jpg,mask_row_448_col_576.jpg
img_row_448_col_640.jpg,mask_row_448_col_640.jpg
img_row_448_col_704.jpg,mask_row_448_col_704.jpg
img_row_448_col_768.jpg,mask_row_448_col_768.jpg
img_row_448_col_832.jpg,mask_row_448_col_832.jpg
img_row_448_col_896.jpg,mask_row_448_col_896.jpg
img_row_448_col_960.jpg,mask_row_448_col_960.jpg
img_row_448_col_1024.jpg,mask_row_448_col_1024.jpg
img_row_448_col_1088.jpg,mask_row_448_col_1088.jpg
img_row_448_col_1152.jpg,mask_row_448_col_1152.jpg
img_row_448_col_1216.jpg,mask_row_448_col_1216.jpg
img_row_448_col_1280.jpg,mask_row_448_col_1280.jpg
img_row_448_col_1344.jpg,mask_row_448_col_1344.jpg
img_row_448_col_1408.jpg,mask_row_448_col_1408.jpg
img_row_448_col_1472.jpg,mask_row_448_col_1472.jpg
img_row_448_col_1536.jpg,mask_row_448_col_1536.jpg
img_row_448_col_1600.jpg,mask_row_448_col_1600.jpg
img_row_448_col_1664.jpg,mask_row_448_col_1664.jpg
img_row_448_col_1728.jpg,mask_row_448_col_1728.jpg
img_row_448_col_1792.jpg,mask_row_448_col_1792.jpg
img_row_448_col_1856.jpg,mask_row_448_col_1856.jpg
img_row_448_col_1920.jpg,mask_row_448_col_1920.jpg
img_row_448_col_1984.jpg,mask_row_448_col_1984.jpg
img_row_448_col_2048.jpg,mask_row_448_col_2048.jpg
img_row_512_col_0.jpg,mask_row_512_col_0.jpg
img_row_512_col_64.jpg,mask_row_512_col_64.jpg
img_row_512_col_128.jpg,mask_row_512_col_128.jpg
img_row_512_col_192.jpg,mask_row_512_col_192.jpg
img_row_512_col_256.jpg,mask_row_512_col_256.jpg
img_row_512_col_320.jpg,mask_row_512_col_320.jpg
img_row_512_col_384.jpg,mask_row_512_col_384.jpg
img_row_512_col_448.jpg,mask_row_512_col_448.jpg
img_row_512_col_512.jpg,mask_row_512_col_512.jpg
img_row_512_col_576.jpg,mask_row_512_col_576.jpg
img_row_512_col_640.jpg,mask_row_512_col_640.jpg
img_row_512_col_704.jpg,mask_row_512_col_704.jpg
img_row_512_col_768.jpg,mask_row_512_col_768.jpg
img_row_512_col_832.jpg,mask_row_512_col_832.jpg
img_row_512_col_896.jpg,mask_row_512_col_896.jpg
img_row_512_col_960.jpg,mask_row_512_col_960.jpg
img_row_512_col_1024.jpg,mask_row_512_col_1024.jpg
img_row_512_col_1088.jpg,mask_row_512_col_1088.jpg
img_row_512_col_1152.jpg,mask_row_512_col_1152.jpg
img_row_512_col_1216.jpg,mask_row_512_col_1216.jpg
img_row_512_col_1280.jpg,mask_row_512_col_1280.jpg
img_row_512_col_1344.jpg,mask_row_512_col_1344.jpg
img_row_512_col_1408.jpg,mask_row_512_col_1408.jpg
img_row_512_col_1472.jpg,mask_row_512_col_1472.jpg
img_row_512_col_1536.jpg,mask_row_512_col_1536.jpg
img_row_512_col_1600.jpg,mask_row_512_col_1600.jpg
img_row_512_col_1664.jpg,mask_row_512_col_1664.jpg
img_row_512_col_1728.jpg,mask_row_512_col_1728.jpg
img_row_512_col_1792.jpg,mask_row_512_col_1792.jpg
img_row_512_col_1856.jpg,mask_row_512_col_1856.jpg
img_row_512_col_1920.jpg,mask_row_512_col_1920.jpg
img_row_512_col_1984.jpg,mask_row_512_col_1984.jpg
img_row_512_col_2048.jpg,mask_row_512_col_2048.jpg
img_row_576_col_0.jpg,mask_row_576_col_0.jpg
img_row_576_col_64.jpg,mask_row_576_col_64.jpg
img_row_576_col_128.jpg,mask_row_576_col_128.jpg
img_row_576_col_192.jpg,mask_row_576_col_192.jpg
img_row_576_col_256.jpg,mask_row_576_col_256.jpg
img_row_576_col_320.jpg,mask_row_576_col_320.jpg
img_row_576_col_384.jpg,mask_row_576_col_384.jpg
img_row_576_col_448.jpg,mask_row_576_col_448.jpg
img_row_576_col_512.jpg,mask_row_576_col_512.jpg
img_row_576_col_576.jpg,mask_row_576_col_576.jpg
img_row_576_col_640.jpg,mask_row_576_col_640.jpg
img_row_576_col_704.jpg,mask_row_576_col_704.jpg
img_row_576_col_768.jpg,mask_row_576_col_768.jpg
img_row_576_col_832.jpg,mask_row_576_col_832.jpg
img_row_576_col_896.jpg,mask_row_576_col_896.jpg
img_row_576_col_960.jpg,mask_row_576_col_960.jpg
img_row_576_col_1024.jpg,mask_row_576_col_1024.jpg
img_row_576_col_1088.jpg,mask_row_576_col_1088.jpg
img_row_576_col_1152.jpg,mask_row_576_col_1152.jpg
img_row_576_col_1216.jpg,mask_row_576_col_1216.jpg
img_row_576_col_1280.jpg,mask_row_576_col_1280.jpg
img_row_576_col_1344.jpg,mask_row_576_col_1344.jpg
img_row_576_col_1408.jpg,mask_row_576_col_1408.jpg
img_row_576_col_1472.jpg,mask_row_576_col_1472.jpg
img_row_576_col_1536.jpg,mask_row_576_col_1536.jpg
img_row_576_col_1600.jpg,mask_row_576_col_1600.jpg
img_row_576_col_1664.jpg,mask_row_576_col_1664.jpg
img_row_576_col_1728.jpg,mask_row_576_col_1728.jpg
img_row_576_col_1792.jpg,mask_row_576_col_1792.jpg
img_row_576_col_1856.jpg,mask_row_576_col_1856.jpg
img_row_576_col_1920.jpg,mask_row_576_col_1920.jpg
img_row_576_col_1984.jpg,mask_row_576_col_1984.jpg
img_row_576_col_2048.jpg,mask_row_576_col_2048.jpg
img_row_640_col_0.jpg,mask_row_640_col_0.jpg
img_row_640_col_64.jpg,mask_row_640_col_64.jpg
img_row_640_col_128.jpg,mask_row_640_col_128.jpg
img_row_640_col_192.jpg,mask_row_640_col_192.jpg
img_row_640_col_256.jpg,mask_row_640_col_256.jpg
img_row_640_col_320.jpg,mask_row_640_col_320.jpg
img_row_640_col_384.jpg,mask_row_640_col_384.jpg
img_row_640_col_448.jpg,mask_row_640_col_448.jpg
img_row_640_col_512.jpg,mask_row_640_col_512.jpg
img_row_640_col_576.jpg,mask_row_640_col_576.jpg
img_row_640_col_640.jpg,mask_row_640_col_640.jpg
img_row_640_col_704.jpg,mask_row_640_col_704.jpg
img_row_640_col_768.jpg,mask_row_640_col_768.jpg
img_row_640_col_832.jpg,mask_row_640_col_832.jpg
img_row_640_col_896.jpg,mask_row_640_col_896.jpg
img_row_640_col_960.jpg,mask_row_640_col_960.jpg
img_row_640_col_1024.jpg,mask_row_640_col_1024.jpg
img_row_640_col_1088.jpg,mask_row_640_col_1088.jpg
img_row_640_col_1152.jpg,mask_row_640_col_1152.jpg
img_row_640_col_1216.jpg,mask_row_640_col_1216.jpg
img_row_640_col_1280.jpg,mask_row_640_col_1280.jpg
img_row_640_col_1344.jpg,mask_row_640_col_1344.jpg
img_row_640_col_1408.jpg,mask_row_640_col_1408.jpg
img_row_640_col_1472.jpg,mask_row_640_col_1472.jpg
img_row_640_col_1536.jpg,mask_row_640_col_1536.jpg
img_row_640_col_1600.jpg,mask_row_640_col_1600.jpg
img_row_640_col_1664.jpg,mask_row_640_col_1664.jpg
img_row_640_col_1728.jpg,mask_row_640_col_1728.jpg
img_row_640_col_1792.jpg,mask_row_640_col_1792.jpg
img_row_640_col_1856.jpg,mask_row_640_col_1856.jpg
img_row_640_col_1920.jpg,mask_row_640_col_1920.jpg
img_row_640_col_1984.jpg,mask_row_640_col_1984.jpg
img_row_640_col_2048.jpg,mask_row_640_col_2048.jpg
img_row_704_col_0.jpg,mask_row_704_col_0.jpg
img_row_704_col_64.jpg,mask_row_704_col_64.jpg
img_row_704_col_128.jpg,mask_row_704_col_128.jpg
img_row_704_col_192.jpg,mask_row_704_col_192.jpg
img_row_704_col_256.jpg,mask_row_704_col_256.jpg
img_row_704_col_320.jpg,mask_row_704_col_320.jpg
img_row_704_col_384.jpg,mask_row_704_col_384.jpg
img_row_704_col_448.jpg,mask_row_704_col_448.jpg
img_row_704_col_512.jpg,mask_row_704_col_512.jpg
img_row_704_col_576.jpg,mask_row_704_col_576.jpg
img_row_704_col_640.jpg,mask_row_704_col_640.jpg
img_row_704_col_704.jpg,mask_row_704_col_704.jpg
img_row_704_col_768.jpg,mask_row_704_col_768.jpg
img_row_704_col_832.jpg,mask_row_704_col_832.jpg
img_row_704_col_896.jpg,mask_row_704_col_896.jpg
img_row_704_col_960.jpg,mask_row_704_col_960.jpg
img_row_704_col_1024.jpg,mask_row_704_col_1024.jpg
img_row_704_col_1088.jpg,mask_row_704_col_1088.jpg
img_row_704_col_1152.jpg,mask_row_704_col_1152.jpg
img_row_704_col_1216.jpg,mask_row_704_col_1216.jpg
img_row_704_col_1280.jpg,mask_row_704_col_1280.jpg
img_row_704_col_1344.jpg,mask_row_704_col_1344.jpg
img_row_704_col_1408.jpg,mask_row_704_col_1408.jpg
img_row_704_col_1472.jpg,mask_row_704_col_1472.jpg
img_row_704_col_1536.jpg,mask_row_704_col_1536.jpg
img_row_704_col_1600.jpg,mask_row_704_col_1600.jpg
img_row_704_col_1664.jpg,mask_row_704_col_1664.jpg
img_row_704_col_1728.jpg,mask_row_704_col_1728.jpg
img_row_704_col_1792.jpg,mask_row_704_col_1792.jpg
img_row_704_col_1856.jpg,mask_row_704_col_1856.jpg
img_row_704_col_1920.jpg,mask_row_704_col_1920.jpg
img_row_704_col_1984.jpg,mask_row_704_col_1984.jpg
img_row_704_col_2048.jpg,mask_row_704_col_2048.jpg
img_row_768_col_0.jpg,mask_row_768_col_0.jpg
img_row_768_col_64.jpg,mask_row_768_col_64.jpg
img_row_768_col_128.jpg,mask_row_768_col_128.jpg
img_row_768_col_192.jpg,mask_row_768_col_192.jpg
img_row_768_col_256.jpg,mask_row_768_col_256.jpg
img_row_768_col_320.jpg,mask_row_768_col_320.jpg
img_row_768_col_384.jpg,mask_row_768_col_384.jpg
img_row_768_col_448.jpg,mask_row_768_col_448.jpg
img_row_768_col_512.jpg,mask_row_768_col_512.jpg
img_row_768_col_576.jpg,mask_row_768_col_576.jpg
img_row_768_col_640.jpg,mask_row_768_col_640.jpg
img_row_768_col_704.jpg,mask_row_768_col_704.jpg
img_row_768_col_768.jpg,mask_row_768_col_768.jpg
img_row_768_col_832.jpg,mask_row_768_col_832.jpg
img_row_768_col_896.jpg,mask_row_768_col_896.jpg
img_row_768_col_960.jpg,mask_row_768_col_960.jpg
img_row_768_col_1024.jpg,mask_row_768_col_1024.jpg
img_row_768_col_1088.jpg,mask_row_768_col_1088.jpg
img_row_768_col_1152.jpg,mask_row_768_col_1152.jpg
img_row_768_col_1216.jpg,mask_row_768_col_1216.jpg
img_row_768_col_1280.jpg,mask_row_768_col_1280.jpg
img_row_768_col_1344.jpg,mask_row_768_col_1344.jpg
img_row_768_col_1408.jpg,mask_row_768_col_1408.jpg
img_row_768_col_1472.jpg,mask_row_768_col_1472.jpg
img_row_768_col_1536.jpg,mask_row_768_col_1536.jpg
img_row_768_col_1600.jpg,mask_row_768_col_1600.jpg
img_row_768_col_1664.jpg,mask_row_768_col_1664.jpg
img_row_768_col_1728.jpg,mask_row_768_col_1728.jpg
img_row_768_col_1792.jpg,mask_row_768_col_1792.jpg
img_row_768_col_1856.jpg,mask_row_768_col_1856.jpg
img_row_768_col_1920.jpg,mask_row_768_col_1920.jpg
img_row_768_col_1984.jpg,mask_row_768_col_1984.jpg
img_row_768_col_2048.jpg,mask_row_768_col_2048.jpg
img_row_832_col_0.jpg,mask_row_832_col_0.jpg
img_row_832_col_64.jpg,mask_row_832_col_64.jpg
img_row_832_col_128.jpg,mask_row_832_col_128.jpg
img_row_832_col_192.jpg,mask_row_832_col_192.jpg
img_row_832_col_256.jpg,mask_row_832_col_256.jpg
img_row_832_col_320.jpg,mask_row_832_col_320.jpg
img_row_832_col_384.jpg,mask_row_832_col_384.jpg
img_row_832_col_448.jpg,mask_row_832_col_448.jpg
img_row_832_col_512.jpg,mask_row_832_col_512.jpg
img_row_832_col_576.jpg,mask_row_832_col_576.jpg
img_row_832_col_640.jpg,mask_row_832_col_640.jpg
img_row_832_col_704.jpg,mask_row_832_col_704.jpg
img_row_832_col_768.jpg,mask_row_832_col_768.jpg
img_row_832_col_832.jpg,mask_row_832_col_832.jpg
img_row_832_col_896.jpg,mask_row_832_col_896.jpg
img_row_832_col_960.jpg,mask_row_832_col_960.jpg
img_row_832_col_1024.jpg,mask_row_832_col_1024.jpg
img_row_832_col_1088.jpg,mask_row_832_col_1088.jpg
img_row_832_col_1152.jpg,mask_row_832_col_1152.jpg
img_row_832_col_1216.jpg,mask_row_832_col_1216.jpg
img_row_832_col_1280.jpg,mask_row_832_col_1280.jpg
img_row_832_col_1344.jpg,mask_row_832_col_1344.jpg
img_row_832_col_1408.jpg,mask_row_832_col_1408.jpg
img_row_832_col_1472.jpg,mask_row_832_col_1472.jpg
img_row_832_col_1536.jpg,mask_row_832_col_1536.jpg
img_row_832_col_1600.jpg,mask_row_832_col_1600.jpg
img_row_832_col_1664.jpg,mask_row_832_col_1664.jpg
img_row_832_col_1728.jpg,mask_row_832_col_1728.jpg
img_row_832_col_1792.jpg,mask_row_832_col_1792.jpg
img_row_832_col_1856.jpg,mask_row_832_col_1856.jpg
img_row_832_col_1920.jpg,mask_row_832_col_1920.jpg
img_row_832_col_1984.jpg,mask_row_832_col_1984.jpg
img_row_832_col_2048.jpg,mask_row_832_col_2048.jpg
img_row_896_col_0.jpg,mask_row_896_col_0.jpg
img_row_896_col_64.jpg,mask_row_896_col_64.jpg
img_row_896_col_128.jpg,mask_row_896_col_128.jpg
img_row_896_col_192.jpg,mask_row_896_col_192.jpg
img_row_896_col_256.jpg,mask_row_896_col_256.jpg
img_row_896_col_320.jpg,mask_row_896_col_320.jpg
img_row_896_col_384.jpg,mask_row_896_col_384.jpg
img_row_896_col_448.jpg,mask_row_896_col_448.jpg
img_row_896_col_512.jpg,mask_row_896_col_512.jpg
img_row_896_col_576.jpg,mask_row_896_col_576.jpg
img_row_896_col_640.jpg,mask_row_896_col_640.jpg
img_row_896_col_704.jpg,mask_row_896_col_704.jpg
img_row_896_col_768.jpg,mask_row_896_col_768.jpg
img_row_896_col_832.jpg,mask_row_896_col_832.jpg
img_row_896_col_896.jpg,mask_row_896_col_896.jpg
img_row_896_col_960.jpg,mask_row_896_col_960.jpg
img_row_896_col_1024.jpg,mask_row_896_col_1024.jpg
img_row_896_col_1088.jpg,mask_row_896_col_1088.jpg
img_row_896_col_1152.jpg,mask_row_896_col_1152.jpg
img_row_896_col_1216.jpg,mask_row_896_col_1216.jpg
img_row_896_col_1280.jpg,mask_row_896_col_1280.jpg
img_row_896_col_1344.jpg,mask_row_896_col_1344.jpg
img_row_896_col_1408.jpg,mask_row_896_col_1408.jpg
img_row_896_col_1472.jpg,mask_row_896_col_1472.jpg
img_row_896_col_1536.jpg,mask_row_896_col_1536.jpg
img_row_896_col_1600.jpg,mask_row_896_col_1600.jpg
img_row_896_col_1664.jpg,mask_row_896_col_1664.jpg
img_row_896_col_1728.jpg,mask_row_896_col_1728.jpg
img_row_896_col_1792.jpg,mask_row_896_col_1792.jpg
img_row_896_col_1856.jpg,mask_row_896_col_1856.jpg
img_row_896_col_1920.jpg,mask_row_896_col_1920.jpg
img_row_896_col_1984.jpg,mask_row_896_col_1984.jpg
img_row_896_col_2048.jpg,mask_row_896_col_2048.jpg
img_row_960_col_0.jpg,mask_row_960_col_0.jpg
img_row_960_col_64.jpg,mask_row_960_col_64.jpg
img_row_960_col_128.jpg,mask_row_960_col_128.jpg
img_row_960_col_192.jpg,mask_row_960_col_192.jpg
img_row_960_col_256.jpg,mask_row_960_col_256.jpg
img_row_960_col_320.jpg,mask_row_960_col_320.jpg
img_row_960_col_384.jpg,mask_row_960_col_384.jpg
img_row_960_col_448.jpg,mask_row_960_col_448.jpg
img_row_960_col_512.jpg,mask_row_960_col_512.jpg
img_row_960_col_576.jpg,mask_row_960_col_576.jpg
img_row_960_col_640.jpg,mask_row_960_col_640.jpg
img_row_960_col_704.jpg,mask_row_960_col_704.jpg
img_row_960_col_768.jpg,mask_row_960_col_768.jpg
img_row_960_col_832.jpg,mask_row_960_col_832.jpg
img_row_960_col_896.jpg,mask_row_960_col_896.jpg
img_row_960_col_960.jpg,mask_row_960_col_960.jpg
img_row_960_col_1024.jpg,mask_row_960_col_1024.jpg
img_row_960_col_1088.jpg,mask_row_960_col_1088.jpg
img_row_960_col_1152.jpg,mask_row_960_col_1152.jpg
img_row_960_col_1216.jpg,mask_row_960_col_1216.jpg
img_row_960_col_1280.jpg,mask_row_960_col_1280.jpg
img_row_960_col_1344.jpg,mask_row_960_col_1344.jpg
img_row_960_col_1408.jpg,mask_row_960_col_1408.jpg
img_row_960_col_1472.jpg,mask_row_960_col_1472.jpg
img_row_960_col_1536.jpg,mask_row_960_col_1536.jpg
img_row_960_col_1600.jpg,mask_row_960_col_1600.jpg
img_row_960_col_1664.jpg,mask_row_960_col_1664.jpg
img_row_960_col_1728.jpg,mask_row_960_col_1728.jpg
img_row_960_col_1792.jpg,mask_row_960_col_1792.jpg
img_row_960_col_1856.jpg,mask_row_960_col_1856.jpg
img_row_960_col_1920.jpg,mask_row_960_col_1920.jpg
img_row_960_col_1984.jpg,mask_row_960_col_1984.jpg
img_row_960_col_2048.jpg,mask_row_960_col_2048.jpg
img_row_1024_col_0.jpg,mask_row_1024_col_0.jpg
img_row_1024_col_64.jpg,mask_row_1024_col_64.jpg
img_row_1024_col_128.jpg,mask_row_1024_col_128.jpg
img_row_1024_col_192.jpg,mask_row_1024_col_192.jpg
img_row_1024_col_256.jpg,mask_row_1024_col_256.jpg
img_row_1024_col_320.jpg,mask_row_1024_col_320.jpg
img_row_1024_col_384.jpg,mask_row_1024_col_384.jpg
img_row_1024_col_448.jpg,mask_row_1024_col_448.jpg
img_row_1024_col_512.jpg,mask_row_1024_col_512.jpg
img_row_1024_col_576.jpg,mask_row_1024_col_576.jpg
img_row_1024_col_640.jpg,mask_row_1024_col_640.jpg
img_row_1024_col_704.jpg,mask_row_1024_col_704.jpg
img_row_1024_col_768.jpg,mask_row_1024_col_768.jpg
img_row_1024_col_832.jpg,mask_row_1024_col_832.jpg
img_row_1024_col_896.jpg,mask_row_1024_col_896.jpg
img_row_1024_col_960.jpg,mask_row_1024_col_960.jpg
img_row_1024_col_1024.jpg,mask_row_1024_col_1024.jpg
img_row_1024_col_1088.jpg,mask_row_1024_col_1088.jpg
img_row_1024_col_1152.jpg,mask_row_1024_col_1152.jpg
img_row_1024_col_1216.jpg,mask_row_1024_col_1216.jpg
img_row_1024_col_1280.jpg,mask_row_1024_col_1280.jpg
img_row_1024_col_1344.jpg,mask_row_1024_col_1344.jpg
img_row_1024_col_1408.jpg,mask_row_1024_col_1408.jpg
img_row_1024_col_1472.jpg,mask_row_1024_col_1472.jpg
img_row_1024_col_1536.jpg,mask_row_1024_col_1536.jpg
img_row_1024_col_1600.jpg,mask_row_1024_col_1600.jpg
img_row_1024_col_1664.jpg,mask_row_1024_col_1664.jpg
img_row_1024_col_1728.jpg,mask_row_1024_col_1728.jpg
img_row_1024_col_1792.jpg,mask_row_1024_col_1792.jpg
img_row_1024_col_1856.jpg,mask_row_1024_col_1856.jpg
img_row_1024_col_1920.jpg,mask_row_1024_col_1920.jpg
img_row_1024_col_1984.jpg,mask_row_1024_col_1984.jpg
img_row_1024_col_2048.jpg,mask_row_1024_col_2048.jpg
img_row_1088_col_0.jpg,mask_row_1088_col_0.jpg
img_row_1088_col_64.jpg,mask_row_1088_col_64.jpg
img_row_1088_col_128.jpg,mask_row_1088_col_128.jpg
img_row_1088_col_192.jpg,mask_row_1088_col_192.jpg
img_row_1088_col_256.jpg,mask_row_1088_col_256.jpg
img_row_1088_col_320.jpg,mask_row_1088_col_320.jpg
img_row_1088_col_384.jpg,mask_row_1088_col_384.jpg
img_row_1088_col_448.jpg,mask_row_1088_col_448.jpg
img_row_1088_col_512.jpg,mask_row_1088_col_512.jpg
img_row_1088_col_576.jpg,mask_row_1088_col_576.jpg
img_row_1088_col_640.jpg,mask_row_1088_col_640.jpg
img_row_1088_col_704.jpg,mask_row_1088_col_704.jpg
img_row_1088_col_768.jpg,mask_row_1088_col_768.jpg
img_row_1088_col_832.jpg,mask_row_1088_col_832.jpg
img_row_1088_col_896.jpg,mask_row_1088_col_896.jpg
img_row_1088_col_960.jpg,mask_row_1088_col_960.jpg
img_row_1088_col_1024.jpg,mask_row_1088_col_1024.jpg
img_row_1088_col_1088.jpg,mask_row_1088_col_1088.jpg
img_row_1088_col_1152.jpg,mask_row_1088_col_1152.jpg
img_row_1088_col_1216.jpg,mask_row_1088_col_1216.jpg
img_row_1088_col_1280.jpg,mask_row_1088_col_1280.jpg
img_row_1088_col_1344.jpg,mask_row_1088_col_1344.jpg
img_row_1088_col_1408.jpg,mask_row_1088_col_1408.jpg
img_row_1088_col_1472.jpg,mask_row_1088_col_1472.jpg
img_row_1088_col_1536.jpg,mask_row_1088_col_1536.jpg
img_row_1088_col_1600.jpg,mask_row_1088_col_1600.jpg
img_row_1088_col_1664.jpg,mask_row_1088_col_1664.jpg
img_row_1088_col_1728.jpg,mask_row_1088_col_1728.jpg
img_row_1088_col_1792.jpg,mask_row_1088_col_1792.jpg
img_row_1088_col_1856.jpg,mask_row_1088_col_1856.jpg
img_row_1088_col_1920.jpg,mask_row_1088_col_1920.jpg
img_row_1088_col_1984.jpg,mask_row_1088_col_1984.jpg
img_row_1088_col_2048.jpg,mask_row_1088_col_2048.jpg
img_row_1152_col_0.jpg,mask_row_1152_col_0.jpg
img_row_1152_col_64.jpg,mask_row_1152_col_64.jpg
img_row_1152_col_128.jpg,mask_row_1152_col_128.jpg
img_row_1152_col_192.jpg,mask_row_1152_col_192.jpg
img_row_1152_col_256.jpg,mask_row_1152_col_256.jpg
img_row_1152_col_320.jpg,mask_row_1152_col_320.jpg
img_row_1152_col_384.jpg,mask_row_1152_col_384.jpg
img_row_1152_col_448.jpg,mask_row_1152_col_448.jpg
img_row_1152_col_512.jpg,mask_row_1152_col_512.jpg
img_row_1152_col_576.jpg,mask_row_1152_col_576.jpg
img_row_1152_col_640.jpg,mask_row_1152_col_640.jpg
img_row_1152_col_704.jpg,mask_row_1152_col_704.jpg
img_row_1152_col_768.jpg,mask_row_1152_col_768.jpg
img_row_1152_col_832.jpg,mask_row_1152_col_832.jpg
img_row_1152_col_896.jpg,mask_row_1152_col_896.jpg
img_row_1152_col_960.jpg,mask_row_1152_col_960.jpg
img_row_1152_col_1024.jpg,mask_row_1152_col_1024.jpg
img_row_1152_col_1088.jpg,mask_row_1152_col_1088.jpg
img_row_1152_col_1152.jpg,mask_row_1152_col_1152.jpg
img_row_1152_col_1216.jpg,mask_row_1152_col_1216.jpg
img_row_1152_col_1280.jpg,mask_row_1152_col_1280.jpg
img_row_1152_col_1344.jpg,mask_row_1152_col_1344.jpg
img_row_1152_col_1408.jpg,mask_row_1152_col_1408.jpg
img_row_1152_col_1472.jpg,mask_row_1152_col_1472.jpg
img_row_1152_col_1536.jpg,mask_row_1152_col_1536.jpg
img_row_1152_col_1600.jpg,mask_row_1152_col_1600.jpg
img_row_1152_col_1664.jpg,mask_row_1152_col_1664.jpg
img_row_1152_col_1728.jpg,mask_row_1152_col_1728.jpg
img_row_1152_col_1792.jpg,mask_row_1152_col_1792.jpg
img_row_1152_col_1856.jpg,mask_row_1152_col_1856.jpg
img_row_1152_col_1920.jpg,mask_row_1152_col_1920.jpg
img_row_1152_col_1984.jpg,mask_row_1152_col_1984.jpg
img_row_1152_col_2048.jpg,mask_row_1152_col_2048.jpg
img_row_1216_col_0.jpg,mask_row_1216_col_0.jpg
img_row_1216_col_64.jpg,mask_row_1216_col_64.jpg
img_row_1216_col_128.jpg,mask_row_1216_col_128.jpg
img_row_1216_col_192.jpg,mask_row_1216_col_192.jpg
img_row_1216_col_256.jpg,mask_row_1216_col_256.jpg
img_row_1216_col_320.jpg,mask_row_1216_col_320.jpg
img_row_1216_col_384.jpg,mask_row_1216_col_384.jpg
img_row_1216_col_448.jpg,mask_row_1216_col_448.jpg
img_row_1216_col_512.jpg,mask_row_1216_col_512.jpg
img_row_1216_col_576.jpg,mask_row_1216_col_576.jpg
img_row_1216_col_640.jpg,mask_row_1216_col_640.jpg
img_row_1216_col_704.jpg,mask_row_1216_col_704.jpg
img_row_1216_col_768.jpg,mask_row_1216_col_768.jpg
img_row_1216_col_832.jpg,mask_row_1216_col_832.jpg
img_row_1216_col_896.jpg,mask_row_1216_col_896.jpg
img_row_1216_col_960.jpg,mask_row_1216_col_960.jpg
img_row_1216_col_1024.jpg,mask_row_1216_col_1024.jpg
img_row_1216_col_1088.jpg,mask_row_1216_col_1088.jpg
img_row_1216_col_1152.jpg,mask_row_1216_col_1152.jpg
img_row_1216_col_1216.jpg,mask_row_1216_col_1216.jpg
img_row_1216_col_1280.jpg,mask_row_1216_col_1280.jpg
img_row_1216_col_1344.jpg,mask_row_1216_col_1344.jpg
img_row_1216_col_1408.jpg,mask_row_1216_col_1408.jpg
img_row_1216_col_1472.jpg,mask_row_1216_col_1472.jpg
img_row_1216_col_1536.jpg,mask_row_1216_col_1536.jpg
img_row_1216_col_1600.jpg,mask_row_1216_col_1600.jpg
img_row_1216_col_1664.jpg,mask_row_1216_col_1664.jpg
img_row_1216_col_1728.jpg,mask_row_1216_col_1728.jpg
img_row_1216_col_1792.jpg,mask_row_1216_col_1792.jpg
img_row_1216_col_1856.jpg,mask_row_1216_col_1856.jpg
img_row_1216_col_1920.jpg,mask_row_1216_col_1920.jpg
img_row_1216_col_1984.jpg,mask_row_1216_col_1984.jpg
img_row_1216_col_2048.jpg,mask_row_1216_col_2048.jpg
img_row_1280_col_0.jpg,mask_row_1280_col_0.jpg
img_row_1280_col_64.jpg,mask_row_1280_col_64.jpg
img_row_1280_col_128.jpg,mask_row_1280_col_128.jpg
img_row_1280_col_192.jpg,mask_row_1280_col_192.jpg
img_row_1280_col_256.jpg,mask_row_1280_col_256.jpg
img_row_1280_col_320.jpg,mask_row_1280_col_320.jpg
img_row_1280_col_384.jpg,mask_row_1280_col_384.jpg
img_row_1280_col_448.jpg,mask_row_1280_col_448.jpg
img_row_1280_col_512.jpg,mask_row_1280_col_512.jpg
img_row_1280_col_576.jpg,mask_row_1280_col_576.jpg
img_row_1280_col_640.jpg,mask_row_1280_col_640.jpg
img_row_1280_col_704.jpg,mask_row_1280_col_704.jpg
img_row_1280_col_768.jpg,mask_row_1280_col_768.jpg
img_row_1280_col_832.jpg,mask_row_1280_col_832.jpg
img_row_1280_col_896.jpg,mask_row_1280_col_896.jpg
img_row_1280_col_960.jpg,mask_row_1280_col_960.jpg
img_row_1280_col_1024.jpg,mask_row_1280_col_1024.jpg
img_row_1280_col_1088.jpg,mask_row_1280_col_1088.jpg
img_row_1280_col_1152.jpg,mask_row_1280_col_1152.jpg
img_row_1280_col_1216.jpg,mask_row_1280_col_1216.jpg
img_row_1280_col_1280.jpg,mask_row_1280_col_1280.jpg
img_row_1280_col_1344.jpg,mask_row_1280_col_1344.jpg
img_row_1280_col_1408.jpg,mask_row_1280_col_1408.jpg
img_row_1280_col_1472.jpg,mask_row_1280_col_1472.jpg
img_row_1280_col_1536.jpg,mask_row_1280_col_1536.jpg
img_row_1280_col_1600.jpg,mask_row_1280_col_1600.jpg
img_row_1280_col_1664.jpg,mask_row_1280_col_1664.jpg
img_row_1280_col_1728.jpg,mask_row_1280_col_1728.jpg
img_row_1280_col_1792.jpg,mask_row_1280_col_1792.jpg
img_row_1280_col_1856.jpg,mask_row_1280_col_1856.jpg
img_row_1280_col_1920.jpg,mask_row_1280_col_1920.jpg
img_row_1280_col_1984.jpg,mask_row_1280_col_1984.jpg
img_row_1280_col_2048.jpg,mask_row_1280_col_2048.jpg
img_row_1344_col_0.jpg,mask_row_1344_col_0.jpg
img_row_1344_col_64.jpg,mask_row_1344_col_64.jpg
img_row_1344_col_128.jpg,mask_row_1344_col_128.jpg
img_row_1344_col_192.jpg,mask_row_1344_col_192.jpg
img_row_1344_col_256.jpg,mask_row_1344_col_256.jpg
img_row_1344_col_320.jpg,mask_row_1344_col_320.jpg
img_row_1344_col_384.jpg,mask_row_1344_col_384.jpg
img_row_1344_col_448.jpg,mask_row_1344_col_448.jpg
img_row_1344_col_512.jpg,mask_row_1344_col_512.jpg
img_row_1344_col_576.jpg,mask_row_1344_col_576.jpg
img_row_1344_col_640.jpg,mask_row_1344_col_640.jpg
img_row_1344_col_704.jpg,mask_row_1344_col_704.jpg
img_row_1344_col_768.jpg,mask_row_1344_col_768.jpg
img_row_1344_col_832.jpg,mask_row_1344_col_832.jpg
img_row_1344_col_896.jpg,mask_row_1344_col_896.jpg
img_row_1344_col_960.jpg,mask_row_1344_col_960.jpg
img_row_1344_col_1024.jpg,mask_row_1344_col_1024.jpg
img_row_1344_col_1088.jpg,mask_row_1344_col_1088.jpg
img_row_1344_col_1152.jpg,mask_row_1344_col_1152.jpg
img_row_1344_col_1216.jpg,mask_row_1344_col_1216.jpg
img_row_1344_col_1280.jpg,mask_row_1344_col_1280.jpg
img_row_1344_col_1344.jpg,mask_row_1344_col_1344.jpg
img_row_1344_col_1408.jpg,mask_row_1344_col_1408.jpg
img_row_1344_col_1472.jpg,mask_row_1344_col_1472.jpg
img_row_1344_col_1536.jpg,mask_row_1344_col_1536.jpg
img_row_1344_col_1600.jpg,mask_row_1344_col_1600.jpg
img_row_1344_col_1664.jpg,mask_row_1344_col_1664.jpg
img_row_1344_col_1728.jpg,mask_row_1344_col_1728.jpg
img_row_1344_col_1792.jpg,mask_row_1344_col_1792.jpg
img_row_1344_col_1856.jpg,mask_row_1344_col_1856.jpg
img_row_1344_col_1920.jpg,mask_row_1344_col_1920.jpg
img_row_1344_col_1984.jpg,mask_row_1344_col_1984.jpg
img_row_1344_col_2048.jpg,mask_row_1344_col_2048.jpg
img_row_1408_col_0.jpg,mask_row_1408_col_0.jpg
img_row_1408_col_64.jpg,mask_row_1408_col_64.jpg
img_row_1408_col_128.jpg,mask_row_1408_col_128.jpg
img_row_1408_col_192.jpg,mask_row_1408_col_192.jpg
img_row_1408_col_256.jpg,mask_row_1408_col_256.jpg
img_row_1408_col_320.jpg,mask_row_1408_col_320.jpg
img_row_1408_col_384.jpg,mask_row_1408_col_384.jpg
img_row_1408_col_448.jpg,mask_row_1408_col_448.jpg
img_row_1408_col_512.jpg,mask_row_1408_col_512.jpg
img_row_1408_col_576.jpg,mask_row_1408_col_576.jpg
img_row_1408_col_640.jpg,mask_row_1408_col_640.jpg
img_row_1408_col_704.jpg,mask_row_1408_col_704.jpg
img_row_1408_col_768.jpg,mask_row_1408_col_768.jpg
img_row_1408_col_832.jpg,mask_row_1408_col_832.jpg
img_row_1408_col_896.jpg,mask_row_1408_col_896.jpg
img_row_1408_col_960.jpg,mask_row_1408_col_960.jpg
img_row_1408_col_1024.jpg,mask_row_1408_col_1024.jpg
img_row_1408_col_1088.jpg,mask_row_1408_col_1088.jpg
img_row_1408_col_1152.jpg,mask_row_1408_col_1152.jpg
img_row_1408_col_1216.jpg,mask_row_1408_col_1216.jpg
img_row_1408_col_1280.jpg,mask_row_1408_col_1280.jpg
img_row_1408_col_1344.jpg,mask_row_1408_col_1344.jpg
img_row_1408_col_1408.jpg,mask_row_1408_col_1408.jpg
img_row_1408_col_1472.jpg,mask_row_1408_col_1472.jpg
img_row_1408_col_1536.jpg,mask_row_1408_col_1536.jpg
img_row_1408_col_1600.jpg,mask_row_1408_col_1600.jpg
img_row_1408_col_1664.jpg,mask_row_1408_col_1664.jpg
img_row_1408_col_1728.jpg,mask_row_1408_col_1728.jpg
img_row_1408_col_1792.jpg,mask_row_1408_col_1792.jpg
img_row_1408_col_1856.jpg,mask_row_1408_col_1856.jpg
img_row_1408_col_1920.jpg,mask_row_1408_col_1920.jpg
img_row_1408_col_1984.jpg,mask_row_1408_col_1984.jpg
img_row_1408_col_2048.jpg,mask_row_1408_col_2048.jpg
img_row_1472_col_0.jpg,mask_row_1472_col_0.jpg
img_row_1472_col_64.jpg,mask_row_1472_col_64.jpg
img_row_1472_col_128.jpg,mask_row_1472_col_128.jpg
img_row_1472_col_192.jpg,mask_row_1472_col_192.jpg
img_row_1472_col_256.jpg,mask_row_1472_col_256.jpg
img_row_1472_col_320.jpg,mask_row_1472_col_320.jpg
img_row_1472_col_384.jpg,mask_row_1472_col_384.jpg
img_row_1472_col_448.jpg,mask_row_1472_col_448.jpg
img_row_1472_col_512.jpg,mask_row_1472_col_512.jpg
img_row_1472_col_576.jpg,mask_row_1472_col_576.jpg
img_row_1472_col_640.jpg,mask_row_1472_col_640.jpg
img_row_1472_col_704.jpg,mask_row_1472_col_704.jpg
img_row_1472_col_768.jpg,mask_row_1472_col_768.jpg
img_row_1472_col_832.jpg,mask_row_1472_col_832.jpg
img_row_1472_col_896.jpg,mask_row_1472_col_896.jpg
img_row_1472_col_960.jpg,mask_row_1472_col_960.jpg
img_row_1472_col_1024.jpg,mask_row_1472_col_1024.jpg
img_row_1472_col_1088.jpg,mask_row_1472_col_1088.jpg
img_row_1472_col_1152.jpg,mask_row_1472_col_1152.jpg
img_row_1472_col_1216.jpg,mask_row_1472_col_1216.jpg
img_row_1472_col_1280.jpg,mask_row_1472_col_1280.jpg
img_row_1472_col_1344.jpg,mask_row_1472_col_1344.jpg
img_row_1472_col_1408.jpg,mask_row_1472_col_1408.jpg
img_row_1472_col_1472.jpg,mask_row_1472_col_1472.jpg
img_row_1472_col_1536.jpg,mask_row_1472_col_1536.jpg
img_row_1472_col_1600.jpg,mask_row_1472_col_1600.jpg
img_row_1472_col_1664.jpg,mask_row_1472_col_1664.jpg
img_row_1472_col_1728.jpg,mask_row_1472_col_1728.jpg
img_row_1472_col_1792.jpg,mask_row_1472_col_1792.jpg
img_row_1472_col_1856.jpg,mask_row_1472_col_1856.jpg
img_row_1472_col_1920.jpg,mask_row_1472_col_1920.jpg
img_row_1472_col_1984.jpg,mask_row_1472_col_1984.jpg
img_row_1472_col_2048.jpg,mask_row_1472_col_2048.jpg
img_row_1536_col_0.jpg,mask_row_1536_col_0.jpg
img_row_1536_col_64.jpg,mask_row_1536_col_64.jpg
img_row_1536_col_128.jpg,mask_row_1536_col_128.jpg
img_row_1536_col_192.jpg,mask_row_1536_col_192.jpg
img_row_1536_col_256.jpg,mask_row_1536_col_256.jpg
img_row_1536_col_320.jpg,mask_row_1536_col_320.jpg
img_row_1536_col_384.jpg,mask_row_1536_col_384.jpg
img_row_1536_col_448.jpg,mask_row_1536_col_448.jpg
img_row_1536_col_512.jpg,mask_row_1536_col_512.jpg
img_row_1536_col_576.jpg,mask_row_1536_col_576.jpg
img_row_1536_col_640.jpg,mask_row_1536_col_640.jpg
img_row_1536_col_704.jpg,mask_row_1536_col_704.jpg
img_row_1536_col_768.jpg,mask_row_1536_col_768.jpg
img_row_1536_col_832.jpg,mask_row_1536_col_832.jpg
img_row_1536_col_896.jpg,mask_row_1536_col_896.jpg
img_row_1536_col_960.jpg,mask_row_1536_col_960.jpg
img_row_1536_col_1024.jpg,mask_row_1536_col_1024.jpg
img_row_1536_col_1088.jpg,mask_row_1536_col_1088.jpg
img_row_1536_col_1152.jpg,mask_row_1536_col_1152.jpg
img_row_1536_col_1216.jpg,mask_row_1536_col_1216.jpg
img_row_1536_col_1280.jpg,mask_row_1536_col_1280.jpg
img_row_1536_col_1344.jpg,mask_row_1536_col_1344.jpg
img_row_1536_col_1408.jpg,mask_row_1536_col_1408.jpg
img_row_1536_col_1472.jpg,mask_row_1536_col_1472.jpg
img_row_1536_col_1536.jpg,mask_row_1536_col_1536.jpg
img_row_1536_col_1600.jpg,mask_row_1536_col_1600.jpg
img_row_1536_col_1664.jpg,mask_row_1536_col_1664.jpg
img_row_1536_col_1728.jpg,mask_row_1536_col_1728.jpg
img_row_1536_col_1792.jpg,mask_row_1536_col_1792.jpg
img_row_1536_col_1856.jpg,mask_row_1536_col_1856.jpg
img_row_1536_col_1920.jpg,mask_row_1536_col_1920.jpg
img_row_1536_col_1984.jpg,mask_row_1536_col_1984.jpg
img_row_1536_col_2048.jpg,mask_row_1536_col_2048.jpg
img_row_1600_col_0.jpg,mask_row_1600_col_0.jpg
img_row_1600_col_64.jpg,mask_row_1600_col_64.jpg
img_row_1600_col_128.jpg,mask_row_1600_col_128.jpg
img_row_1600_col_192.jpg,mask_row_1600_col_192.jpg
img_row_1600_col_256.jpg,mask_row_1600_col_256.jpg
img_row_1600_col_320.jpg,mask_row_1600_col_320.jpg
img_row_1600_col_384.jpg,mask_row_1600_col_384.jpg
img_row_1600_col_448.jpg,mask_row_1600_col_448.jpg
img_row_1600_col_512.jpg,mask_row_1600_col_512.jpg
img_row_1600_col_576.jpg,mask_row_1600_col_576.jpg
img_row_1600_col_640.jpg,mask_row_1600_col_640.jpg
img_row_1600_col_704.jpg,mask_row_1600_col_704.jpg
img_row_1600_col_768.jpg,mask_row_1600_col_768.jpg
img_row_1600_col_832.jpg,mask_row_1600_col_832.jpg
img_row_1600_col_896.jpg,mask_row_1600_col_896.jpg
img_row_1600_col_960.jpg,mask_row_1600_col_960.jpg
img_row_1600_col_1024.jpg,mask_row_1600_col_1024.jpg
img_row_1600_col_1088.jpg,mask_row_1600_col_1088.jpg
img_row_1600_col_1152.jpg,mask_row_1600_col_1152.jpg
img_row_1600_col_1216.jpg,mask_row_1600_col_1216.jpg
img_row_1600_col_1280.jpg,mask_row_1600_col_1280.jpg
img_row_1600_col_1344.jpg,mask_row_1600_col_1344.jpg
img_row_1600_col_1408.jpg,mask_row_1600_col_1408.jpg
img_row_1600_col_1472.jpg,mask_row_1600_col_1472.jpg
img_row_1600_col_1536.jpg,mask_row_1600_col_1536.jpg
img_row_1600_col_1600.jpg,mask_row_1600_col_1600.jpg
img_row_1600_col_1664.jpg,mask_row_1600_col_1664.jpg
img_row_1600_col_1728.jpg,mask_row_1600_col_1728.jpg
img_row_1600_col_1792.jpg,mask_row_1600_col_1792.jpg
img_row_1600_col_1856.jpg,mask_row_1600_col_1856.jpg
img_row_1600_col_1920.jpg,mask_row_1600_col_1920.jpg
img_row_1600_col_1984.jpg,mask_row_1600_col_1984.jpg
img_row_1600_col_2048.jpg,mask_row_1600_col_2048.jpg
img_row_1664_col_0.jpg,mask_row_1664_col_0.jpg
img_row_1664_col_64.jpg,mask_row_1664_col_64.jpg
img_row_1664_col_128.jpg,mask_row_1664_col_128.jpg
img_row_1664_col_192.jpg,mask_row_1664_col_192.jpg
img_row_1664_col_256.jpg,mask_row_1664_col_256.jpg
img_row_1664_col_320.jpg,mask_row_1664_col_320.jpg
img_row_1664_col_384.jpg,mask_row_1664_col_384.jpg
img_row_1664_col_448.jpg,mask_row_1664_col_448.jpg
img_row_1664_col_512.jpg,mask_row_1664_col_512.jpg
img_row_1664_col_576.jpg,mask_row_1664_col_576.jpg
img_row_1664_col_640.jpg,mask_row_1664_col_640.jpg
img_row_1664_col_704.jpg,mask_row_1664_col_704.jpg
img_row_1664_col_768.jpg,mask_row_1664_col_768.jpg
img_row_1664_col_832.jpg,mask_row_1664_col_832.jpg
img_row_1664_col_896.jpg,mask_row_1664_col_896.jpg
img_row_1664_col_960.jpg,mask_row_1664_col_960.jpg
img_row_1664_col_1024.jpg,mask_row_1664_col_1024.jpg
img_row_1664_col_1088.jpg,mask_row_1664_col_1088.jpg
img_row_1664_col_1152.jpg,mask_row_1664_col_1152.jpg
img_row_1664_col_1216.jpg,mask_row_1664_col_1216.jpg
img_row_1664_col_1280.jpg,mask_row_1664_col_1280.jpg
img_row_1664_col_1344.jpg,mask_row_1664_col_1344.jpg
img_row_1664_col_1408.jpg,mask_row_1664_col_1408.jpg
img_row_1664_col_1472.jpg,mask_row_1664_col_1472.jpg
img_row_1664_col_1536.jpg,mask_row_1664_col_1536.jpg
img_row_1664_col_1600.jpg,mask_row_1664_col_1600.jpg
img_row_1664_col_1664.jpg,mask_row_1664_col_1664.jpg
img_row_1664_col_1728.jpg,mask_row_1664_col_1728.jpg
img_row_1664_col_1792.jpg,mask_row_1664_col_1792.jpg
img_row_1664_col_1856.jpg,mask_row_1664_col_1856.jpg
img_row_1664_col_1920.jpg,mask_row_1664_col_1920.jpg
img_row_1664_col_1984.jpg,mask_row_1664_col_1984.jpg
img_row_1664_col_2048.jpg,mask_row_1664_col_2048.jpg
img_row_1728_col_0.jpg,mask_row_1728_col_0.jpg
img_row_1728_col_64.jpg,mask_row_1728_col_64.jpg
img_row_1728_col_128.jpg,mask_row_1728_col_128.jpg
img_row_1728_col_192.jpg,mask_row_1728_col_192.jpg
img_row_1728_col_256.jpg,mask_row_1728_col_256.jpg
img_row_1728_col_320.jpg,mask_row_1728_col_320.jpg
img_row_1728_col_384.jpg,mask_row_1728_col_384.jpg
img_row_1728_col_448.jpg,mask_row_1728_col_448.jpg
img_row_1728_col_512.jpg,mask_row_1728_col_512.jpg
img_row_1728_col_576.jpg,mask_row_1728_col_576.jpg
img_row_1728_col_640.jpg,mask_row_1728_col_640.jpg
img_row_1728_col_704.jpg,mask_row_1728_col_704.jpg
img_row_1728_col_768.jpg,mask_row_1728_col_768.jpg
img_row_1728_col_832.jpg,mask_row_1728_col_832.jpg
img_row_1728_col_896.jpg,mask_row_1728_col_896.jpg
img_row_1728_col_960.jpg,mask_row_1728_col_960.jpg
img_row_1728_col_1024.jpg,mask_row_1728_col_1024.jpg
img_row_1728_col_1088.jpg,mask_row_1728_col_1088.jpg
img_row_1728_col_1152.jpg,mask_row_1728_col_1152.jpg
img_row_1728_col_1216.jpg,mask_row_1728_col_1216.jpg
img_row_1728_col_1280.jpg,mask_row_1728_col_1280.jpg
img_row_1728_col_1344.jpg,mask_row_1728_col_1344.jpg
img_row_1728_col_1408.jpg,mask_row_1728_col_1408.jpg
img_row_1728_col_1472.jpg,mask_row_1728_col_1472.jpg
img_row_1728_col_1536.jpg,mask_row_1728_col_1536.jpg
img_row_1728_col_1600.jpg,mask_row_1728_col_1600.jpg
img_row_1728_col_1664.jpg,mask_row_1728_col_1664.jpg
img_row_1728_col_1728.jpg,mask_row_1728_col_1728.jpg
img_row_1728_col_1792.jpg,mask_row_1728_col_1792.jpg
img_row_1728_col_1856.jpg,mask_row_1728_col_1856.jpg
img_row_1728_col_1920.jpg,mask_row_1728_col_1920.jpg
img_row_1728_col_1984.jpg,mask_row_1728_col_1984.jpg
img_row_1728_col_2048.jpg,mask_row_1728_col_2048.jpg
img_row_1792_col_0.jpg,mask_row_1792_col_0.jpg
img_row_1792_col_64.jpg,mask_row_1792_col_64.jpg
img_row_1792_col_128.jpg,mask_row_1792_col_128.jpg
img_row_1792_col_192.jpg,mask_row_1792_col_192.jpg
img_row_1792_col_256.jpg,mask_row_1792_col_256.jpg
img_row_1792_col_320.jpg,mask_row_1792_col_320.jpg
img_row_1792_col_384.jpg,mask_row_1792_col_384.jpg
img_row_1792_col_448.jpg,mask_row_1792_col_448.jpg
img_row_1792_col_512.jpg,mask_row_1792_col_512.jpg
img_row_1792_col_576.jpg,mask_row_1792_col_576.jpg
img_row_1792_col_640.jpg,mask_row_1792_col_640.jpg
img_row_1792_col_704.jpg,mask_row_1792_col_704.jpg
img_row_1792_col_768.jpg,mask_row_1792_col_768.jpg
img_row_1792_col_832.jpg,mask_row_1792_col_832.jpg
img_row_1792_col_896.jpg,mask_row_1792_col_896.jpg
img_row_1792_col_960.jpg,mask_row_1792_col_960.jpg
img_row_1792_col_1024.jpg,mask_row_1792_col_1024.jpg
img_row_1792_col_1088.jpg,mask_row_1792_col_1088.jpg
img_row_1792_col_1152.jpg,mask_row_1792_col_1152.jpg
img_row_1792_col_1216.jpg,mask_row_1792_col_1216.jpg
img_row_1792_col_1280.jpg,mask_row_1792_col_1280.jpg
img_row_1792_col_1344.jpg,mask_row_1792_col_1344.jpg
img_row_1792_col_1408.jpg,mask_row_1792_col_1408.jpg
img_row_1792_col_1472.jpg,mask_row_1792_col_1472.jpg
img_row_1792_col_1536.jpg,mask_row_1792_col_1536.jpg
img_row_1792_col_1600.jpg,mask_row_1792_col_1600.jpg
img_row_1792_col_1664.jpg,mask_row_1792_col_1664.jpg
img_row_1792_col_1728.jpg,mask_row_1792_col_1728.jpg
img_row_1792_col_1792.jpg,mask_row_1792_col_1792.jpg
img_row_1792_col_1856.jpg,mask_row_1792_col_1856.jpg
img_row_1792_col_1920.jpg,mask_row_1792_col_1920.jpg
img_row_1792_col_1984.jpg,mask_row_1792_col_1984.jpg
img_row_1792_col_2048.jpg,mask_row_1792_col_2048.jpg
img_row_1856_col_0.jpg,mask_row_1856_col_0.jpg
img_row_1856_col_64.jpg,mask_row_1856_col_64.jpg
img_row_1856_col_128.jpg,mask_row_1856_col_128.jpg
img_row_1856_col_192.jpg,mask_row_1856_col_192.jpg
img_row_1856_col_256.jpg,mask_row_1856_col_256.jpg
img_row_1856_col_320.jpg,mask_row_1856_col_320.jpg
img_row_1856_col_384.jpg,mask_row_1856_col_384.jpg
img_row_1856_col_448.jpg,mask_row_1856_col_448.jpg
img_row_1856_col_512.jpg,mask_row_1856_col_512.jpg
img_row_1856_col_576.jpg,mask_row_1856_col_576.jpg
img_row_1856_col_640.jpg,mask_row_1856_col_640.jpg
img_row_1856_col_704.jpg,mask_row_1856_col_704.jpg
img_row_1856_col_768.jpg,mask_row_1856_col_768.jpg
img_row_1856_col_832.jpg,mask_row_1856_col_832.jpg
img_row_1856_col_896.jpg,mask_row_1856_col_896.jpg
img_row_1856_col_960.jpg,mask_row_1856_col_960.jpg
img_row_1856_col_1024.jpg,mask_row_1856_col_1024.jpg
img_row_1856_col_1088.jpg,mask_row_1856_col_1088.jpg
img_row_1856_col_1152.jpg,mask_row_1856_col_1152.jpg
img_row_1856_col_1216.jpg,mask_row_1856_col_1216.jpg
img_row_1856_col_1280.jpg,mask_row_1856_col_1280.jpg
img_row_1856_col_1344.jpg,mask_row_1856_col_1344.jpg
img_row_1856_col_1408.jpg,mask_row_1856_col_1408.jpg
img_row_1856_col_1472.jpg,mask_row_1856_col_1472.jpg
img_row_1856_col_1536.jpg,mask_row_1856_col_1536.jpg
img_row_1856_col_1600.jpg,mask_row_1856_col_1600.jpg
img_row_1856_col_1664.jpg,mask_row_1856_col_1664.jpg
img_row_1856_col_1728.jpg,mask_row_1856_col_1728.jpg
img_row_1856_col_1792.jpg,mask_row_1856_col_1792.jpg
img_row_1856_col_1856.jpg,mask_row_1856_col_1856.jpg
img_row_1856_col_1920.jpg,mask_row_1856_col_1920.jpg
img_row_1856_col_1984.jpg,mask_row_1856_col_1984.jpg
img_row_1856_col_2048.jpg,mask_row_1856_col_2048.jpg
img_row_1920_col_0.jpg,mask_row_1920_col_0.jpg
img_row_1920_col_64.jpg,mask_row_1920_col_64.jpg
img_row_1920_col_128.jpg,mask_row_1920_col_128.jpg
img_row_1920_col_192.jpg,mask_row_1920_col_192.jpg
img_row_1920_col_256.jpg,mask_row_1920_col_256.jpg
img_row_1920_col_320.jpg,mask_row_1920_col_320.jpg
img_row_1920_col_384.jpg,mask_row_1920_col_384.jpg
img_row_1920_col_448.jpg,mask_row_1920_col_448.jpg
img_row_1920_col_512.jpg,mask_row_1920_col_512.jpg
img_row_1920_col_576.jpg,mask_row_1920_col_576.jpg
img_row_1920_col_640.jpg,mask_row_1920_col_640.jpg
img_row_1920_col_704.jpg,mask_row_1920_col_704.jpg
img_row_1920_col_768.jpg,mask_row_1920_col_768.jpg
img_row_1920_col_832.jpg,mask_row_1920_col_832.jpg
img_row_1920_col_896.jpg,mask_row_1920_col_896.jpg
img_row_1920_col_960.jpg,mask_row_1920_col_960.jpg
img_row_1920_col_1024.jpg,mask_row_1920_col_1024.jpg
img_row_1920_col_1088.jpg,mask_row_1920_col_1088.jpg
img_row_1920_col_1152.jpg,mask_row_1920_col_1152.jpg
img_row_1920_col_1216.jpg,mask_row_1920_col_1216.jpg
img_row_1920_col_1280.jpg,mask_row_1920_col_1280.jpg
img_row_1920_col_1344.jpg,mask_row_1920_col_1344.jpg
img_row_1920_col_1408.jpg,mask_row_1920_col_1408.jpg
img_row_1920_col_1472.jpg,mask_row_1920_col_1472.jpg
img_row_1920_col_1536.jpg,mask_row_1920_col_1536.jpg
img_row_1920_col_1600.jpg,mask_row_1920_col_1600.jpg
img_row_1920_col_1664.jpg,mask_row_1920_col_1664.jpg
img_row_1920_col_1728.jpg,mask_row_1920_col_1728.jpg
img_row_1920_col_1792.jpg,mask_row_1920_col_1792.jpg
img_row_1920_col_1856.jpg,mask_row_1920_col_1856.jpg
img_row_1920_col_1920.jpg,mask_row_1920_col_1920.jpg
img_row_1920_col_1984.jpg,mask_row_1920_col_1984.jpg
img_row_1920_col_2048.jpg,mask_row_1920_col_2048.jpg
img_row_1984_col_0.jpg,mask_row_1984_col_0.jpg
img_row_1984_col_64.jpg,mask_row_1984_col_64.jpg
img_row_1984_col_128.jpg,mask_row_1984_col_128.jpg
img_row_1984_col_192.jpg,mask_row_1984_col_192.jpg
img_row_1984_col_256.jpg,mask_row_1984_col_256.jpg
img_row_1984_col_320.jpg,mask_row_1984_col_320.jpg
img_row_1984_col_384.jpg,mask_row_1984_col_384.jpg
img_row_1984_col_448.jpg,mask_row_1984_col_448.jpg
img_row_1984_col_512.jpg,mask_row_1984_col_512.jpg
img_row_1984_col_576.jpg,mask_row_1984_col_576.jpg
img_row_1984_col_640.jpg,mask_row_1984_col_640.jpg
img_row_1984_col_704.jpg,mask_row_1984_col_704.jpg
img_row_1984_col_768.jpg,mask_row_1984_col_768.jpg
img_row_1984_col_832.jpg,mask_row_1984_col_832.jpg
img_row_1984_col_896.jpg,mask_row_1984_col_896.jpg
img_row_1984_col_960.jpg,mask_row_1984_col_960.jpg
img_row_1984_col_1024.jpg,mask_row_1984_col_1024.jpg
img_row_1984_col_1088.jpg,mask_row_1984_col_1088.jpg
img_row_1984_col_1152.jpg,mask_row_1984_col_1152.jpg
img_row_1984_col_1216.jpg,mask_row_1984_col_1216.jpg
img_row_1984_col_1280.jpg,mask_row_1984_col_1280.jpg
img_row_1984_col_1344.jpg,mask_row_1984_col_1344.jpg
img_row_1984_col_1408.jpg,mask_row_1984_col_1408.jpg
img_row_1984_col_1472.jpg,mask_row_1984_col_1472.jpg
img_row_1984_col_1536.jpg,mask_row_1984_col_1536.jpg
img_row_1984_col_1600.jpg,mask_row_1984_col_1600.jpg
img_row_1984_col_1664.jpg,mask_row_1984_col_1664.jpg
img_row_1984_col_1728.jpg,mask_row_1984_col_1728.jpg
img_row_1984_col_1792.jpg,mask_row_1984_col_1792.jpg
img_row_1984_col_1856.jpg,mask_row_1984_col_1856.jpg
img_row_1984_col_1920.jpg,mask_row_1984_col_1920.jpg
img_row_1984_col_1984.jpg,mask_row_1984_col_1984.jpg
img_row_1984_col_2048.jpg,mask_row_1984_col_2048.jpg
